timestamp,date,city,aqi,aqi_category,pm25,pm10,o3,no2,so2,co,temperature,humidity,wind_speed,hour,day_of_week,month,is_weekend,day_of_year,aqi_change,aqi_change_pct,aqi_rolling_3d,aqi_rolling_7d,aqi_next_day
2026-07-05 07:43:15,2026-07-05,karachi,146.5,Unhealthy for Sensitive Groups,177.9,,,,,,31.4,3.0,5.5,7,6,7,1,186,,,146.5,146.5,156.7
2026-07-06 07:43:15,2026-07-06,karachi,156.7,Unhealthy,139.7,,,,,,31.8,2.9,4.8,7,0,7,0,187,10.2,7.0,151.6,151.6,165.2
2026-07-07 07:43:15,2026-07-07,karachi,165.2,Unhealthy,137.2,,,,,,30.6,2.9,4.6,7,1,7,0,188,8.5,5.4,156.1,156.1,191.0
2026-07-08 07:43:15,2026-07-08,karachi,191.0,Unhealthy,175.7,,,,,,31.2,2.9,4.5,7,2,7,0,189,25.8,15.6,171.0,164.8,154.3
2026-07-09 07:43:15,2026-07-09,karachi,154.3,Unhealthy,164.4,,,,,,30.3,3.0,4.8,7,3,7,0,190,-36.7,-19.2,170.2,162.7,137.4
2026-07-10 07:43:15,2026-07-10,karachi,137.4,Unhealthy for Sensitive Groups,148.9,,,,,,29.7,3.0,5.1,7,4,7,0,191,-16.9,-11.0,160.9,158.5,156.2
2026-07-11 07:43:15,2026-07-11,karachi,156.2,Unhealthy,148.5,,,,,,30.2,3.0,5.5,7,5,7,1,192,18.8,13.7,149.3,158.2,145.0
2026-07-12 07:43:15,2026-07-12,karachi,145.0,Unhealthy for Sensitive Groups,152.5,,,,,,30.9,3.1,5.6,7,6,7,1,193,-11.2,-7.2,146.2,158.0,183.2
2026-07-13 07:43:15,2026-07-13,karachi,183.2,Unhealthy,140.2,,,,,,30.1,3.0,5.6,7,0,7,0,194,38.2,26.3,161.5,161.8,129.6
2026-07-14 07:43:15,2026-07-14,karachi,129.6,Unhealthy for Sensitive Groups,141.6,,,,,,31.3,2.9,5.7,7,1,7,0,195,-53.6,-29.3,152.6,156.7,179.5
2026-07-15 07:43:15,2026-07-15,karachi,179.5,Unhealthy,166.9,,,,,,30.5,2.9,5.5,7,2,7,0,196,49.9,38.5,164.1,155.0,132.9
2026-07-16 07:43:15,2026-07-16,karachi,132.9,Unhealthy for Sensitive Groups,183.9,,,,,,30.7,3.0,5.7,7,3,7,0,197,-46.6,-26.0,147.3,152.0,178.1
2026-07-17 07:43:15,2026-07-17,karachi,178.1,Unhealthy,140.2,,,,,,32.5,3.0,4.9,7,4,7,0,198,45.2,34.0,163.5,157.8,139.6
2026-07-18 07:43:15,2026-07-18,karachi,139.6,Unhealthy for Sensitive Groups,177.8,,,,,,31.1,3.0,5.0,7,5,7,1,199,-38.5,-21.6,150.2,155.4,157.3
2026-07-19 07:43:15,2026-07-19,karachi,157.3,Unhealthy,147.9,,,,,,30.9,2.9,5.8,7,6,7,1,200,17.7,12.7,158.3,157.2,164.0
2026-07-20 07:43:15,2026-07-20,karachi,164.0,Unhealthy,148.7,,,,,,30.7,2.9,5.8,7,0,7,0,201,6.7,4.3,153.6,154.4,180.1
2026-07-21 07:43:15,2026-07-21,karachi,180.1,Unhealthy,167.0,,,,,,31.1,2.9,5.4,7,1,7,0,202,16.1,9.8,167.1,161.6,167.9
2026-07-22 07:43:15,2026-07-22,karachi,167.9,Unhealthy,153.8,,,,,,32.2,2.9,5.7,7,2,7,0,203,-12.2,-6.8,170.7,160.0,177.7
2026-07-23 07:43:15,2026-07-23,karachi,177.7,Unhealthy,170.5,,,,,,31.0,3.1,5.6,7,3,7,0,204,9.8,5.8,175.2,166.4,145.5
2026-07-24 07:43:15,2026-07-24,karachi,145.5,Unhealthy for Sensitive Groups,165.3,,,,,,30.2,3.1,5.0,7,4,7,0,205,-32.2,-18.1,163.7,161.7,130.2
2026-07-25 07:43:15,2026-07-25,karachi,130.2,Unhealthy for Sensitive Groups,162.2,,,,,,30.8,2.9,4.8,7,5,7,1,206,-15.3,-10.5,151.1,160.4,156.2
2026-07-26 07:43:15,2026-07-26,karachi,156.2,Unhealthy,176.2,,,,,,31.9,3.0,5.1,7,6,7,1,207,26.0,20.0,144.0,160.2,142.3
2026-07-27 07:43:15,2026-07-27,karachi,142.3,Unhealthy for Sensitive Groups,169.8,,,,,,32.0,3.1,5.3,7,0,7,0,208,-13.9,-8.9,142.9,157.1,187.0
2026-07-28 07:43:15,2026-07-28,karachi,187.0,Unhealthy,146.0,,,,,,31.7,3.1,5.4,7,1,7,0,209,44.7,31.4,161.8,158.1,161.4
2026-07-29 07:43:15,2026-07-29,karachi,161.4,Unhealthy,173.9,,,,,,32.2,3.1,5.2,7,2,7,0,210,-25.6,-13.7,163.6,157.2,143.3
2026-07-30 07:43:15,2026-07-30,karachi,143.3,Unhealthy for Sensitive Groups,140.8,,,,,,31.5,3.1,5.1,7,3,7,0,211,-18.1,-11.2,163.9,152.3,179.5
2026-07-31 07:43:15,2026-07-31,karachi,179.5,Unhealthy,171.3,,,,,,32.0,3.0,4.4,7,4,7,0,212,36.2,25.3,161.4,157.1,146.1
2026-08-01 07:43:15,2026-08-01,karachi,146.1,Unhealthy for Sensitive Groups,160.3,,,,,,29.7,3.1,5.8,7,5,8,1,213,-33.4,-18.6,156.3,159.4,190.4
2026-08-02 07:43:15,2026-08-02,karachi,190.4,Unhealthy,153.9,,,,,,30.7,2.9,5.1,7,6,8,1,214,44.3,30.3,172.0,164.3,131.2
2026-08-03 07:43:15,2026-08-03,karachi,131.2,Unhealthy for Sensitive Groups,179.2,,,,,,31.0,2.9,5.3,7,0,8,0,215,-59.2,-31.1,155.9,162.7,185.6
2026-08-04 07:43:15,2026-08-04,karachi,185.6,Unhealthy,146.6,,,,,,31.5,2.9,4.6,7,1,8,0,216,54.4,41.5,169.1,162.5,149.0
2026-08-05 07:43:15,2026-08-05,karachi,149.0,Unhealthy for Sensitive Groups,158.8,,,,,,30.0,3.0,4.8,7,2,8,0,217,-36.6,-19.7,155.3,160.7,153.5
2026-08-06 07:43:15,2026-08-06,karachi,153.5,Unhealthy,144.3,,,,,,30.8,3.0,5.5,7,3,8,0,218,4.5,3.0,162.7,162.2,162.1
2026-08-07 07:43:15,2026-08-07,karachi,162.1,Unhealthy,167.5,,,,,,31.4,2.9,5.8,7,4,8,0,219,8.6,5.6,154.9,159.7,176.3
2026-08-08 07:43:15,2026-08-08,karachi,176.3,Unhealthy,153.9,,,,,,30.5,2.9,5.2,7,5,8,1,220,14.2,8.8,164.0,164.0,148.2
2026-08-09 07:43:15,2026-08-09,karachi,148.2,Unhealthy for Sensitive Groups,169.7,,,,,,31.2,3.0,5.4,7,6,8,1,221,-28.1,-15.9,162.2,158.0,176.5
2026-08-10 07:43:15,2026-08-10,karachi,176.5,Unhealthy,169.4,,,,,,31.9,3.0,5.3,7,0,8,0,222,28.3,19.1,167.0,164.5,133.0
2026-08-11 07:43:15,2026-08-11,karachi,133.0,Unhealthy for Sensitive Groups,148.4,,,,,,29.5,2.9,5.0,7,1,8,0,223,-43.5,-24.6,152.6,156.9,136.4
2026-08-12 07:43:15,2026-08-12,karachi,136.4,Unhealthy for Sensitive Groups,152.2,,,,,,32.2,3.0,4.4,7,2,8,0,224,3.4,2.6,148.6,155.1,187.4
2026-08-13 07:43:15,2026-08-13,karachi,187.4,Unhealthy,176.7,,,,,,30.5,3.1,4.8,7,3,8,0,225,51.0,37.4,152.3,160.0,157.9
2026-08-14 07:43:15,2026-08-14,karachi,157.9,Unhealthy,157.8,,,,,,31.4,2.9,4.7,7,4,8,0,226,-29.5,-15.7,160.6,159.4,163.9
2026-08-15 07:43:15,2026-08-15,karachi,163.9,Unhealthy,143.8,,,,,,30.1,2.9,5.3,7,5,8,1,227,6.0,3.8,169.7,157.6,132.4
2026-08-16 07:43:15,2026-08-16,karachi,132.4,Unhealthy for Sensitive Groups,159.0,,,,,,31.2,2.9,5.8,7,6,8,1,228,-31.5,-19.2,151.4,155.4,156.2
2026-08-17 07:43:15,2026-08-17,karachi,156.2,Unhealthy,154.3,,,,,,30.8,3.1,5.3,7,0,8,0,229,23.8,18.0,150.8,152.5,141.0
2026-08-18 07:43:15,2026-08-18,karachi,141.0,Unhealthy for Sensitive Groups,168.6,,,,,,30.9,3.1,5.8,7,1,8,0,230,-15.2,-9.7,143.2,153.6,144.4
2026-08-19 07:43:15,2026-08-19,karachi,144.4,Unhealthy for Sensitive Groups,141.7,,,,,,31.4,2.9,5.3,7,2,8,0,231,3.4,2.4,147.2,154.7,145.3
2026-08-20 07:43:15,2026-08-20,karachi,145.3,Unhealthy for Sensitive Groups,157.3,,,,,,31.1,2.9,5.4,7,3,8,0,232,0.9,0.6,143.6,148.7,136.1
2026-08-21 07:43:15,2026-08-21,karachi,136.1,Unhealthy for Sensitive Groups,178.2,,,,,,30.3,3.1,4.8,7,4,8,0,233,-9.2,-6.3,141.9,145.6,171.7
2026-08-22 07:43:15,2026-08-22,karachi,171.7,Unhealthy,181.5,,,,,,32.5,3.0,5.2,7,5,8,1,234,35.6,26.2,151.0,146.7,137.2
2026-08-23 07:43:15,2026-08-23,karachi,137.2,Unhealthy for Sensitive Groups,171.7,,,,,,31.7,3.1,4.7,7,6,8,1,235,-34.5,-20.1,148.3,147.4,150.5
2026-08-24 07:43:15,2026-08-24,karachi,150.5,Unhealthy for Sensitive Groups,161.4,,,,,,30.0,2.9,4.8,7,0,8,0,236,13.3,9.7,153.1,146.6,168.3
2026-08-25 07:43:15,2026-08-25,karachi,168.3,Unhealthy,170.6,,,,,,31.7,2.9,5.7,7,1,8,0,237,17.8,11.8,152.0,150.5,186.4
2026-08-26 07:43:15,2026-08-26,karachi,186.4,Unhealthy,160.9,,,,,,30.8,3.0,4.5,7,2,8,0,238,18.1,10.8,168.4,156.5,155.4
2026-08-27 07:43:15,2026-08-27,karachi,155.4,Unhealthy,150.4,,,,,,32.1,3.1,5.6,7,3,8,0,239,-31.0,-16.6,170.0,157.9,129.6
2026-08-28 07:43:15,2026-08-28,karachi,129.6,Unhealthy for Sensitive Groups,169.5,,,,,,30.4,2.9,4.9,7,4,8,0,240,-25.8,-16.6,157.1,157.0,155.3
2026-08-29 07:43:15,2026-08-29,karachi,155.3,Unhealthy,149.1,,,,,,32.5,3.1,4.8,7,5,8,1,241,25.7,19.8,146.8,154.7,131.8
2026-08-30 07:43:15,2026-08-30,karachi,131.8,Unhealthy for Sensitive Groups,159.7,,,,,,31.2,2.9,5.7,7,6,8,1,242,-23.5,-15.1,138.9,153.9,129.7
2026-08-31 07:43:15,2026-08-31,karachi,129.7,Unhealthy for Sensitive Groups,172.1,,,,,,30.0,2.9,5.4,7,0,8,0,243,-2.1,-1.6,138.9,150.9,172.2
2026-09-01 07:43:15,2026-09-01,karachi,172.2,Unhealthy,146.3,,,,,,30.3,2.9,5.0,7,1,9,0,244,42.5,32.8,144.6,151.5,170.6
2026-09-02 07:43:15,2026-09-02,karachi,170.6,Unhealthy,159.6,,,,,,31.6,3.1,5.6,7,2,9,0,245,-1.6,-0.9,157.5,149.2,144.8
2026-09-03 07:43:15,2026-09-03,karachi,144.8,Unhealthy for Sensitive Groups,176.8,,,,,,31.7,3.1,4.6,7,3,9,0,246,-25.8,-15.1,162.5,147.7,142.4
2026-09-04 07:43:15,2026-09-04,karachi,142.4,Unhealthy for Sensitive Groups,169.5,,,,,,32.5,3.0,5.8,7,4,9,0,247,-2.4,-1.7,152.6,149.5,132.2
2026-09-05 07:43:15,2026-09-05,karachi,132.2,Unhealthy for Sensitive Groups,166.3,,,,,,30.6,2.9,5.8,7,5,9,1,248,-10.2,-7.2,139.8,146.2,191.4
2026-09-06 07:43:15,2026-09-06,karachi,191.4,Unhealthy,153.0,,,,,,31.1,3.1,4.9,7,6,9,1,249,59.2,44.8,155.3,154.8,142.3
2026-09-07 07:43:15,2026-09-07,karachi,142.3,Unhealthy for Sensitive Groups,163.2,,,,,,30.6,2.9,5.3,7,0,9,0,250,-49.1,-25.7,155.3,156.6,162.7
2026-09-08 07:43:15,2026-09-08,karachi,162.7,Unhealthy,184.1,,,,,,29.5,2.9,5.0,7,1,9,0,251,20.4,14.3,165.5,155.2,155.1
2026-09-09 07:43:15,2026-09-09,karachi,155.1,Unhealthy,184.3,,,,,,31.3,3.1,4.5,7,2,9,0,252,-7.6,-4.7,153.4,153.0,165.8
2026-09-10 07:43:15,2026-09-10,karachi,165.8,Unhealthy,137.2,,,,,,30.7,3.1,5.8,7,3,9,0,253,10.7,6.9,161.2,156.0,178.6
2026-09-11 07:43:15,2026-09-11,karachi,178.6,Unhealthy,180.1,,,,,,30.3,3.0,4.5,7,4,9,0,254,12.8,7.7,166.5,161.2,190.5
2026-09-12 07:43:15,2026-09-12,karachi,190.5,Unhealthy,168.0,,,,,,32.3,3.1,4.4,7,5,9,1,255,11.9,6.7,178.3,169.5,149.8
2026-09-13 07:43:15,2026-09-13,karachi,149.8,Unhealthy for Sensitive Groups,157.2,,,,,,30.5,3.1,5.8,7,6,9,1,256,-40.7,-21.4,173.0,163.5,167.2
2026-09-14 07:43:15,2026-09-14,karachi,167.2,Unhealthy,170.0,,,,,,32.4,2.9,5.6,7,0,9,0,257,17.4,11.6,169.2,167.1,142.7
2026-09-15 07:43:15,2026-09-15,karachi,142.7,Unhealthy for Sensitive Groups,174.7,,,,,,30.9,3.0,5.9,7,1,9,0,258,-24.5,-14.7,153.2,164.2,155.9
2026-09-16 07:43:15,2026-09-16,karachi,155.9,Unhealthy,167.9,,,,,,30.1,3.0,4.4,7,2,9,0,259,13.2,9.3,155.3,164.4,187.2
2026-09-17 07:43:15,2026-09-17,karachi,187.2,Unhealthy,142.7,,,,,,30.7,3.1,5.6,7,3,9,0,260,31.3,20.1,161.9,167.4,160.0
2026-09-18 07:43:15,2026-09-18,karachi,160.0,Unhealthy,177.5,,,,,,31.1,2.9,5.0,7,4,9,0,261,-27.2,-14.5,167.7,164.8,162.6
2026-09-19 07:43:15,2026-09-19,karachi,162.6,Unhealthy,143.2,,,,,,31.3,3.0,4.6,7,5,9,1,262,2.6,1.6,169.9,160.8,138.2
2026-09-20 07:43:15,2026-09-20,karachi,138.2,Unhealthy for Sensitive Groups,166.2,,,,,,30.0,2.9,5.5,7,6,9,1,263,-24.4,-15.0,153.6,159.1,161.6
2026-09-21 07:43:15,2026-09-21,karachi,161.6,Unhealthy,174.1,,,,,,29.8,3.0,4.4,7,0,9,0,264,23.4,16.9,154.1,158.3,170.7
2026-09-22 07:43:15,2026-09-22,karachi,170.7,Unhealthy,165.5,,,,,,32.1,2.9,5.0,7,1,9,0,265,9.1,5.6,156.8,162.3,139.5
2026-09-23 07:43:15,2026-09-23,karachi,139.5,Unhealthy for Sensitive Groups,175.8,,,,,,31.3,3.0,5.6,7,2,9,0,266,-31.2,-18.3,157.3,160.0,139.2
2026-09-24 07:43:15,2026-09-24,karachi,139.2,Unhealthy for Sensitive Groups,153.1,,,,,,29.5,3.0,4.5,7,3,9,0,267,-0.3,-0.2,149.8,153.1,155.2
2026-09-25 07:43:15,2026-09-25,karachi,155.2,Unhealthy,141.3,,,,,,29.9,3.0,4.7,7,4,9,0,268,16.0,11.5,144.6,152.4,162.6
2026-09-26 07:43:15,2026-09-26,karachi,162.6,Unhealthy,151.0,,,,,,31.4,3.1,5.6,7,5,9,1,269,7.4,4.8,152.3,152.4,143.6
2026-09-27 07:43:15,2026-09-27,karachi,143.6,Unhealthy for Sensitive Groups,184.6,,,,,,30.4,3.0,4.9,7,6,9,1,270,-19.0,-11.7,153.8,153.2,179.5
2026-09-28 07:43:15,2026-09-28,karachi,179.5,Unhealthy,141.2,,,,,,31.7,3.1,5.2,7,0,9,0,271,35.9,25.0,161.9,155.8,177.2
2026-09-29 07:43:15,2026-09-29,karachi,177.2,Unhealthy,144.5,,,,,,29.6,3.1,5.3,7,1,9,0,272,-2.3,-1.3,166.8,156.7,135.5
2026-09-30 07:43:15,2026-09-30,karachi,135.5,Unhealthy for Sensitive Groups,185.0,,,,,,32.0,3.1,5.3,7,2,9,0,273,-41.7,-23.5,164.1,156.1,129.1
2026-10-01 07:43:15,2026-10-01,karachi,129.1,Unhealthy for Sensitive Groups,141.0,,,,,,30.3,3.1,5.0,7,3,10,0,274,-6.4,-4.7,147.3,154.7,166.1
2026-10-02 07:43:15,2026-10-02,karachi,166.1,Unhealthy,168.8,,,,,,32.2,3.1,4.5,7,4,10,0,275,37.0,28.7,143.6,156.2,165.3
2026-10-03 07:43:15,2026-10-03,karachi,165.3,Unhealthy,168.0,,,,,,29.6,2.9,5.2,7,5,10,1,276,-0.8,-0.5,153.5,156.6,
